--
-- PostgreSQL database dump
--

-- Dumped from database version 14.17 (Homebrew)
-- Dumped by pg_dump version 14.17 (Homebrew)

SET statement_timeout = 0;
SET lock_timeout = 0;
SET idle_in_transaction_session_timeout = 0;
SET client_encoding = 'UTF8';
SET standard_conforming_strings = on;
SELECT pg_catalog.set_config('search_path', '', false);
SET check_function_bodies = false;
SET xmloption = content;
SET client_min_messages = warning;
SET row_security = off;

SET default_tablespace = '';

SET default_table_access_method = heap;

--
-- Name: auth_group; Type: TABLE; Schema: public; Owner: initialadmin
--

CREATE TABLE public.auth_group (
    id integer NOT NULL,
    name character varying(150) NOT NULL
);


ALTER TABLE public.auth_group OWNER TO initialadmin;

--
-- Name: auth_group_id_seq; Type: SEQUENCE; Schema: public; Owner: initialadmin
--

ALTER TABLE public.auth_group ALTER COLUMN id ADD GENERATED BY DEFAULT AS IDENTITY (
    SEQUENCE NAME public.auth_group_id_seq
    START WITH 1
    INCREMENT BY 1
    NO MINVALUE
    NO MAXVALUE
    CACHE 1
);


--
-- Name: auth_group_permissions; Type: TABLE; Schema: public; Owner: initialadmin
--

CREATE TABLE public.auth_group_permissions (
    id bigint NOT NULL,
    group_id integer NOT NULL,
    permission_id integer NOT NULL
);


ALTER TABLE public.auth_group_permissions OWNER TO initialadmin;

--
-- Name: auth_group_permissions_id_seq; Type: SEQUENCE; Schema: public; Owner: initialadmin
--

ALTER TABLE public.auth_group_permissions ALTER COLUMN id ADD GENERATED BY DEFAULT AS IDENTITY (
    SEQUENCE NAME public.auth_group_permissions_id_seq
    START WITH 1
    INCREMENT BY 1
    NO MINVALUE
    NO MAXVALUE
    CACHE 1
);


--
-- Name: auth_permission; Type: TABLE; Schema: public; Owner: initialadmin
--

CREATE TABLE public.auth_permission (
    id integer NOT NULL,
    name character varying(255) NOT NULL,
    content_type_id integer NOT NULL,
    codename character varying(100) NOT NULL
);


ALTER TABLE public.auth_permission OWNER TO initialadmin;

--
-- Name: auth_permission_id_seq; Type: SEQUENCE; Schema: public; Owner: initialadmin
--

ALTER TABLE public.auth_permission ALTER COLUMN id ADD GENERATED BY DEFAULT AS IDENTITY (
    SEQUENCE NAME public.auth_permission_id_seq
    START WITH 1
    INCREMENT BY 1
    NO MINVALUE
    NO MAXVALUE
    CACHE 1
);


--
-- Name: bookings_booking; Type: TABLE; Schema: public; Owner: initialadmin
--

CREATE TABLE public.bookings_booking (
    id bigint NOT NULL,
    date date NOT NULL,
    "time" time without time zone NOT NULL,
    party_size integer NOT NULL,
    special_requests text,
    status character varying(20) NOT NULL,
    contact_name character varying(100) NOT NULL,
    contact_email character varying(254) NOT NULL,
    contact_phone character varying(15) NOT NULL,
    booking_reference character varying(20) NOT NULL,
    created_at timestamp with time zone NOT NULL,
    updated_at timestamp with time zone NOT NULL,
    table_id bigint NOT NULL,
    user_id bigint NOT NULL
);


ALTER TABLE public.bookings_booking OWNER TO initialadmin;

--
-- Name: bookings_booking_id_seq; Type: SEQUENCE; Schema: public; Owner: initialadmin
--

ALTER TABLE public.bookings_booking ALTER COLUMN id ADD GENERATED BY DEFAULT AS IDENTITY (
    SEQUENCE NAME public.bookings_booking_id_seq
    START WITH 1
    INCREMENT BY 1
    NO MINVALUE
    NO MAXVALUE
    CACHE 1
);


--
-- Name: django_admin_log; Type: TABLE; Schema: public; Owner: initialadmin
--

CREATE TABLE public.django_admin_log (
    id integer NOT NULL,
    action_time timestamp with time zone NOT NULL,
    object_id text,
    object_repr character varying(200) NOT NULL,
    action_flag smallint NOT NULL,
    change_message text NOT NULL,
    content_type_id integer,
    user_id bigint NOT NULL,
    CONSTRAINT django_admin_log_action_flag_check CHECK ((action_flag >= 0))
);


ALTER TABLE public.django_admin_log OWNER TO initialadmin;

--
-- Name: django_admin_log_id_seq; Type: SEQUENCE; Schema: public; Owner: initialadmin
--

ALTER TABLE public.django_admin_log ALTER COLUMN id ADD GENERATED BY DEFAULT AS IDENTITY (
    SEQUENCE NAME public.django_admin_log_id_seq
    START WITH 1
    INCREMENT BY 1
    NO MINVALUE
    NO MAXVALUE
    CACHE 1
);


--
-- Name: django_content_type; Type: TABLE; Schema: public; Owner: initialadmin
--

CREATE TABLE public.django_content_type (
    id integer NOT NULL,
    app_label character varying(100) NOT NULL,
    model character varying(100) NOT NULL
);


ALTER TABLE public.django_content_type OWNER TO initialadmin;

--
-- Name: django_content_type_id_seq; Type: SEQUENCE; Schema: public; Owner: initialadmin
--

ALTER TABLE public.django_content_type ALTER COLUMN id ADD GENERATED BY DEFAULT AS IDENTITY (
    SEQUENCE NAME public.django_content_type_id_seq
    START WITH 1
    INCREMENT BY 1
    NO MINVALUE
    NO MAXVALUE
    CACHE 1
);


--
-- Name: django_migrations; Type: TABLE; Schema: public; Owner: initialadmin
--

CREATE TABLE public.django_migrations (
    id bigint NOT NULL,
    app character varying(255) NOT NULL,
    name character varying(255) NOT NULL,
    applied timestamp with time zone NOT NULL
);


ALTER TABLE public.django_migrations OWNER TO initialadmin;

--
-- Name: django_migrations_id_seq; Type: SEQUENCE; Schema: public; Owner: initialadmin
--

ALTER TABLE public.django_migrations ALTER COLUMN id ADD GENERATED BY DEFAULT AS IDENTITY (
    SEQUENCE NAME public.django_migrations_id_seq
    START WITH 1
    INCREMENT BY 1
    NO MINVALUE
    NO MAXVALUE
    CACHE 1
);


--
-- Name: django_session; Type: TABLE; Schema: public; Owner: initialadmin
--

CREATE TABLE public.django_session (
    session_key character varying(40) NOT NULL,
    session_data text NOT NULL,
    expire_date timestamp with time zone NOT NULL
);


ALTER TABLE public.django_session OWNER TO initialadmin;

--
-- Name: restaurants_cuisine; Type: TABLE; Schema: public; Owner: initialadmin
--

CREATE TABLE public.restaurants_cuisine (
    id bigint NOT NULL,
    name character varying(100) NOT NULL
);


ALTER TABLE public.restaurants_cuisine OWNER TO initialadmin;

--
-- Name: restaurants_cuisine_id_seq; Type: SEQUENCE; Schema: public; Owner: initialadmin
--

ALTER TABLE public.restaurants_cuisine ALTER COLUMN id ADD GENERATED BY DEFAULT AS IDENTITY (
    SEQUENCE NAME public.restaurants_cuisine_id_seq
    START WITH 1
    INCREMENT BY 1
    NO MINVALUE
    NO MAXVALUE
    CACHE 1
);


--
-- Name: restaurants_restaurant; Type: TABLE; Schema: public; Owner: initialadmin
--

CREATE TABLE public.restaurants_restaurant (
    id bigint NOT NULL,
    name character varying(200) NOT NULL,
    description text NOT NULL,
    address character varying(255) NOT NULL,
    city character varying(100) NOT NULL,
    state character varying(100) NOT NULL,
    zip_code character varying(10) NOT NULL,
    phone character varying(15) NOT NULL,
    email character varying(254) NOT NULL,
    website character varying(200),
    cost_rating integer NOT NULL,
    latitude numeric(9,6),
    longitude numeric(9,6),
    approval_status character varying(10) NOT NULL,
    created_at timestamp with time zone NOT NULL,
    updated_at timestamp with time zone NOT NULL,
    manager_id bigint NOT NULL
);


ALTER TABLE public.restaurants_restaurant OWNER TO initialadmin;

--
-- Name: restaurants_restaurant_cuisine; Type: TABLE; Schema: public; Owner: initialadmin
--

CREATE TABLE public.restaurants_restaurant_cuisine (
    id bigint NOT NULL,
    restaurant_id bigint NOT NULL,
    cuisine_id bigint NOT NULL
);


ALTER TABLE public.restaurants_restaurant_cuisine OWNER TO initialadmin;

--
-- Name: restaurants_restaurant_cuisine_id_seq; Type: SEQUENCE; Schema: public; Owner: initialadmin
--

ALTER TABLE public.restaurants_restaurant_cuisine ALTER COLUMN id ADD GENERATED BY DEFAULT AS IDENTITY (
    SEQUENCE NAME public.restaurants_restaurant_cuisine_id_seq
    START WITH 1
    INCREMENT BY 1
    NO MINVALUE
    NO MAXVALUE
    CACHE 1
);


--
-- Name: restaurants_restaurant_id_seq; Type: SEQUENCE; Schema: public; Owner: initialadmin
--

ALTER TABLE public.restaurants_restaurant ALTER COLUMN id ADD GENERATED BY DEFAULT AS IDENTITY (
    SEQUENCE NAME public.restaurants_restaurant_id_seq
    START WITH 1
    INCREMENT BY 1
    NO MINVALUE
    NO MAXVALUE
    CACHE 1
);


--
-- Name: restaurants_restauranthours; Type: TABLE; Schema: public; Owner: initialadmin
--

CREATE TABLE public.restaurants_restauranthours (
    id bigint NOT NULL,
    day integer NOT NULL,
    opening_time time without time zone NOT NULL,
    closing_time time without time zone NOT NULL,
    restaurant_id bigint NOT NULL
);


ALTER TABLE public.restaurants_restauranthours OWNER TO initialadmin;

--
-- Name: restaurants_restauranthours_id_seq; Type: SEQUENCE; Schema: public; Owner: initialadmin
--

ALTER TABLE public.restaurants_restauranthours ALTER COLUMN id ADD GENERATED BY DEFAULT AS IDENTITY (
    SEQUENCE NAME public.restaurants_restauranthours_id_seq
    START WITH 1
    INCREMENT BY 1
    NO MINVALUE
    NO MAXVALUE
    CACHE 1
);


--
-- Name: restaurants_restaurantphoto; Type: TABLE; Schema: public; Owner: initialadmin
--

CREATE TABLE public.restaurants_restaurantphoto (
    id bigint NOT NULL,
    image_url character varying(200),
    caption character varying(200),
    is_primary boolean NOT NULL,
    restaurant_id bigint NOT NULL,
    image character varying(100)
);


ALTER TABLE public.restaurants_restaurantphoto OWNER TO initialadmin;

--
-- Name: restaurants_restaurantphoto_id_seq; Type: SEQUENCE; Schema: public; Owner: initialadmin
--

ALTER TABLE public.restaurants_restaurantphoto ALTER COLUMN id ADD GENERATED BY DEFAULT AS IDENTITY (
    SEQUENCE NAME public.restaurants_restaurantphoto_id_seq
    START WITH 1
    INCREMENT BY 1
    NO MINVALUE
    NO MAXVALUE
    CACHE 1
);


--
-- Name: restaurants_review; Type: TABLE; Schema: public; Owner: initialadmin
--

CREATE TABLE public.restaurants_review (
    id bigint NOT NULL,
    rating integer NOT NULL,
    comment text NOT NULL,
    created_at timestamp with time zone NOT NULL,
    restaurant_id bigint NOT NULL,
    user_id bigint NOT NULL
);


ALTER TABLE public.restaurants_review OWNER TO initialadmin;

--
-- Name: restaurants_review_id_seq; Type: SEQUENCE; Schema: public; Owner: initialadmin
--

ALTER TABLE public.restaurants_review ALTER COLUMN id ADD GENERATED BY DEFAULT AS IDENTITY (
    SEQUENCE NAME public.restaurants_review_id_seq
    START WITH 1
    INCREMENT BY 1
    NO MINVALUE
    NO MAXVALUE
    CACHE 1
);


--
-- Name: restaurants_table; Type: TABLE; Schema: public; Owner: initialadmin
--

CREATE TABLE public.restaurants_table (
    id bigint NOT NULL,
    table_number character varying(10) NOT NULL,
    capacity integer NOT NULL,
    restaurant_id bigint NOT NULL
);


ALTER TABLE public.restaurants_table OWNER TO initialadmin;

--
-- Name: restaurants_table_id_seq; Type: SEQUENCE; Schema: public; Owner: initialadmin
--

ALTER TABLE public.restaurants_table ALTER COLUMN id ADD GENERATED BY DEFAULT AS IDENTITY (
    SEQUENCE NAME public.restaurants_table_id_seq
    START WITH 1
    INCREMENT BY 1
    NO MINVALUE
    NO MAXVALUE
    CACHE 1
);


--
-- Name: users_user; Type: TABLE; Schema: public; Owner: initialadmin
--

CREATE TABLE public.users_user (
    id bigint NOT NULL,
    password character varying(128) NOT NULL,
    last_login timestamp with time zone,
    is_superuser boolean NOT NULL,
    username character varying(150) NOT NULL,
    first_name character varying(150) NOT NULL,
    last_name character varying(150) NOT NULL,
    email character varying(254) NOT NULL,
    is_staff boolean NOT NULL,
    is_active boolean NOT NULL,
    date_joined timestamp with time zone NOT NULL,
    role character varying(20) NOT NULL,
    phone_number character varying(15)
);


ALTER TABLE public.users_user OWNER TO initialadmin;

--
-- Name: users_user_groups; Type: TABLE; Schema: public; Owner: initialadmin
--

CREATE TABLE public.users_user_groups (
    id bigint NOT NULL,
    user_id bigint NOT NULL,
    group_id integer NOT NULL
);


ALTER TABLE public.users_user_groups OWNER TO initialadmin;

--
-- Name: users_user_groups_id_seq; Type: SEQUENCE; Schema: public; Owner: initialadmin
--

ALTER TABLE public.users_user_groups ALTER COLUMN id ADD GENERATED BY DEFAULT AS IDENTITY (
    SEQUENCE NAME public.users_user_groups_id_seq
    START WITH 1
    INCREMENT BY 1
    NO MINVALUE
    NO MAXVALUE
    CACHE 1
);


--
-- Name: users_user_id_seq; Type: SEQUENCE; Schema: public; Owner: initialadmin
--

ALTER TABLE public.users_user ALTER COLUMN id ADD GENERATED BY DEFAULT AS IDENTITY (
    SEQUENCE NAME public.users_user_id_seq
    START WITH 1
    INCREMENT BY 1
    NO MINVALUE
    NO MAXVALUE
    CACHE 1
);


--
-- Name: users_user_user_permissions; Type: TABLE; Schema: public; Owner: initialadmin
--

CREATE TABLE public.users_user_user_permissions (
    id bigint NOT NULL,
    user_id bigint NOT NULL,
    permission_id integer NOT NULL
);


ALTER TABLE public.users_user_user_permissions OWNER TO initialadmin;

--
-- Name: users_user_user_permissions_id_seq; Type: SEQUENCE; Schema: public; Owner: initialadmin
--

ALTER TABLE public.users_user_user_permissions ALTER COLUMN id ADD GENERATED BY DEFAULT AS IDENTITY (
    SEQUENCE NAME public.users_user_user_permissions_id_seq
    START WITH 1
    INCREMENT BY 1
    NO MINVALUE
    NO MAXVALUE
    CACHE 1
);


--
-- Data for Name: auth_group; Type: TABLE DATA; Schema: public; Owner: initialadmin
--

COPY public.auth_group (id, name) FROM stdin;
\.


--
-- Data for Name: auth_group_permissions; Type: TABLE DATA; Schema: public; Owner: initialadmin
--

COPY public.auth_group_permissions (id, group_id, permission_id) FROM stdin;
\.


--
-- Data for Name: auth_permission; Type: TABLE DATA; Schema: public; Owner: initialadmin
--

COPY public.auth_permission (id, name, content_type_id, codename) FROM stdin;
1	Can add log entry	1	add_logentry
2	Can change log entry	1	change_logentry
3	Can delete log entry	1	delete_logentry
4	Can view log entry	1	view_logentry
5	Can add permission	2	add_permission
6	Can change permission	2	change_permission
7	Can delete permission	2	delete_permission
8	Can view permission	2	view_permission
9	Can add group	3	add_group
10	Can change group	3	change_group
11	Can delete group	3	delete_group
12	Can view group	3	view_group
13	Can add content type	4	add_contenttype
14	Can change content type	4	change_contenttype
15	Can delete content type	4	delete_contenttype
16	Can view content type	4	view_contenttype
17	Can add session	5	add_session
18	Can change session	5	change_session
19	Can delete session	5	delete_session
20	Can view session	5	view_session
21	Can add user	6	add_user
22	Can change user	6	change_user
23	Can delete user	6	delete_user
24	Can view user	6	view_user
25	Can add cuisine	7	add_cuisine
26	Can change cuisine	7	change_cuisine
27	Can delete cuisine	7	delete_cuisine
28	Can view cuisine	7	view_cuisine
29	Can add restaurant hours	8	add_restauranthours
30	Can change restaurant hours	8	change_restauranthours
31	Can delete restaurant hours	8	delete_restauranthours
32	Can view restaurant hours	8	view_restauranthours
33	Can add restaurant photo	9	add_restaurantphoto
34	Can change restaurant photo	9	change_restaurantphoto
35	Can delete restaurant photo	9	delete_restaurantphoto
36	Can view restaurant photo	9	view_restaurantphoto
37	Can add review	10	add_review
38	Can change review	10	change_review
39	Can delete review	10	delete_review
40	Can view review	10	view_review
41	Can add table	11	add_table
42	Can change table	11	change_table
43	Can delete table	11	delete_table
44	Can view table	11	view_table
45	Can add restaurant	12	add_restaurant
46	Can change restaurant	12	change_restaurant
47	Can delete restaurant	12	delete_restaurant
48	Can view restaurant	12	view_restaurant
49	Can add booking	13	add_booking
50	Can change booking	13	change_booking
51	Can delete booking	13	delete_booking
52	Can view booking	13	view_booking
\.


--
-- Data for Name: bookings_booking; Type: TABLE DATA; Schema: public; Owner: initialadmin
--

COPY public.bookings_booking (id, date, "time", party_size, special_requests, status, contact_name, contact_email, contact_phone, booking_reference, created_at, updated_at, table_id, user_id) FROM stdin;
1	2025-05-01	19:00:00	2	Window seat if possible	cancelled	John Doe	john@example.com	555-123-4567	IJZSRIG5	2025-04-10 18:31:29.351811-07	2025-04-10 18:32:57.796426-07	1	2
2	2025-05-04	12:00:00	2	ksl	cancelled	Gowtham	gowtham@gmail.com	9999999999	QEZB9OQI	2025-05-03 17:22:34.646172-07	2025-05-03 17:22:47.301703-07	1	14
3	2025-05-06	13:00:00	2		confirmed	POOJA R SINDHAM	poojaramesh.sindham@sjsu.edu	6692927868	B4F199LY	2025-05-06 09:08:38.263851-07	2025-05-06 09:08:38.263858-07	1	1
\.


--
-- Data for Name: django_admin_log; Type: TABLE DATA; Schema: public; Owner: initialadmin
--

COPY public.django_admin_log (id, action_time, object_id, object_repr, action_flag, change_message, content_type_id, user_id) FROM stdin;
\.


--
-- Data for Name: django_content_type; Type: TABLE DATA; Schema: public; Owner: initialadmin
--

COPY public.django_content_type (id, app_label, model) FROM stdin;
1	admin	logentry
2	auth	permission
3	auth	group
4	contenttypes	contenttype
5	sessions	session
6	users	user
7	restaurants	cuisine
8	restaurants	restauranthours
9	restaurants	restaurantphoto
10	restaurants	review
11	restaurants	table
12	restaurants	restaurant
13	bookings	booking
\.


--
-- Data for Name: django_migrations; Type: TABLE DATA; Schema: public; Owner: initialadmin
--

COPY public.django_migrations (id, app, name, applied) FROM stdin;
1	contenttypes	0001_initial	2025-04-03 14:02:50.103021-07
2	contenttypes	0002_remove_content_type_name	2025-04-03 14:02:50.106704-07
3	auth	0001_initial	2025-04-03 14:02:50.126696-07
4	auth	0002_alter_permission_name_max_length	2025-04-03 14:02:50.128917-07
5	auth	0003_alter_user_email_max_length	2025-04-03 14:02:50.130381-07
6	auth	0004_alter_user_username_opts	2025-04-03 14:02:50.131762-07
7	auth	0005_alter_user_last_login_null	2025-04-03 14:02:50.133137-07
8	auth	0006_require_contenttypes_0002	2025-04-03 14:02:50.133697-07
9	auth	0007_alter_validators_add_error_messages	2025-04-03 14:02:50.13531-07
10	auth	0008_alter_user_username_max_length	2025-04-03 14:02:50.136949-07
11	auth	0009_alter_user_last_name_max_length	2025-04-03 14:02:50.138414-07
12	auth	0010_alter_group_name_max_length	2025-04-03 14:02:50.141033-07
13	auth	0011_update_proxy_permissions	2025-04-03 14:02:50.14301-07
14	auth	0012_alter_user_first_name_max_length	2025-04-03 14:02:50.144458-07
15	users	0001_initial	2025-04-03 14:02:50.163591-07
16	admin	0001_initial	2025-04-03 14:02:50.172657-07
17	admin	0002_logentry_remove_auto_add	2025-04-03 14:02:50.174923-07
18	admin	0003_logentry_add_action_flag_choices	2025-04-03 14:02:50.176953-07
19	restaurants	0001_initial	2025-04-03 14:02:50.195288-07
20	bookings	0001_initial	2025-04-03 14:02:50.200452-07
21	bookings	0002_initial	2025-04-03 14:02:50.203462-07
22	bookings	0003_initial	2025-04-03 14:02:50.214268-07
23	restaurants	0002_initial	2025-04-03 14:02:50.262678-07
24	sessions	0001_initial	2025-04-03 14:02:50.267972-07
25	restaurants	0003_alter_cuisine_name	2025-05-06 09:06:08.021269-07
26	restaurants	0004_restaurantphoto_image_and_more	2025-05-06 09:56:22.276696-07
\.


--
-- Data for Name: django_session; Type: TABLE DATA; Schema: public; Owner: initialadmin
--

COPY public.django_session (session_key, session_data, expire_date) FROM stdin;
ysa9pmwey0vdf2lf0zjyuebfiep54pfd	.eJxVjEEOwiAQRe_C2hCYAqJL9z0DmWGmUjU0Ke3KeHfbpAvd_vfef6uE61LS2mROI6ursur0uxHmp9Qd8APrfdJ5qss8kt4VfdCm-4nldTvcv4OCrWy1hMGfuSMiQ2gDAwVim41B5AwRTGTwF2u8c9lvSELsxIGN4GFgDOrzBf2IOBA:1u2FqQ:X-wfc9IOI_oPIG7c-2sF1XD4eN1FFPjBU7f80tiLo6I	2025-04-22 13:46:54.057208-07
\.


--
-- Data for Name: restaurants_cuisine; Type: TABLE DATA; Schema: public; Owner: initialadmin
--

COPY public.restaurants_cuisine (id, name) FROM stdin;
1	Italian
2	Indian
3	Chinese
4	Unknown
\.


--
-- Data for Name: restaurants_restaurant; Type: TABLE DATA; Schema: public; Owner: initialadmin
--

COPY public.restaurants_restaurant (id, name, description, address, city, state, zip_code, phone, email, website, cost_rating, latitude, longitude, approval_status, created_at, updated_at, manager_id) FROM stdin;
1	Italian Delight	Authentic Italian cuisine in a cozy atmosphere	123 Main St	New York	NY	10001	212-555-1234	info@italiandelight.com	https://italiandelight.com	2	\N	\N	approved	2025-04-10 18:22:21.06224-07	2025-05-05 13:04:00.399918-07	2
2	Veg Delight	Authentic Veg Indian cuisine in a cozy atmosphere	125 Main St	New York	NY	10001	212-555-1234	info@vegdelight.com	https://vegdelight.com	2	\N	\N	approved	2025-04-20 18:39:56.65673-07	2025-05-05 21:12:19.704338-07	2
4	Mirchi Meals	Spicy delights for heat seekers	360 Sequoia Ave	New York	NY	10027	212-555-1026	hello@mirchimeals.com	https://mirchimeals.com	2	\N	\N	approved	2025-05-06 09:07:07.012359-07	2025-05-06 10:09:07.405273-07	12
5	Sabzi Street	Fresh vegetable dishes in every styles	350 Magnolia St	New York	NY	10026	212-555-1025	info@sabzistreet.com	https://sabzistreet.com	2	\N	\N	pending	2025-05-06 09:07:23.10918-07	2025-05-06 10:12:46.014708-07	12
6	patlures	patlures	101	sanjose	CA	95126	9999999999	patlu1@gmail.com	\N	2	\N	\N	pending	2025-05-06 10:13:45.421099-07	2025-05-06 10:13:45.421117-07	12
3	Mirchi Meals	Spicy delights for heat seekers. YEAHH!!!	360 Sequoia Ave	New York	NY	10027	212-555-1026	hello@mirchimeals.com	https://mirchimeals.com	2	\N	\N	approved	2025-05-06 09:03:59.002479-07	2025-05-06 10:38:57.493201-07	12
\.


--
-- Data for Name: restaurants_restaurant_cuisine; Type: TABLE DATA; Schema: public; Owner: initialadmin
--

COPY public.restaurants_restaurant_cuisine (id, restaurant_id, cuisine_id) FROM stdin;
1	1	1
2	2	2
12	4	3
15	5	2
16	6	4
19	3	2
\.


--
-- Data for Name: restaurants_restauranthours; Type: TABLE DATA; Schema: public; Owner: initialadmin
--

COPY public.restaurants_restauranthours (id, day, opening_time, closing_time, restaurant_id) FROM stdin;
1	0	11:00:00	22:00:00	1
2	1	11:00:00	22:00:00	1
3	2	11:00:00	22:00:00	1
4	3	11:00:00	22:00:00	1
5	4	11:00:00	23:00:00	1
6	5	11:00:00	23:00:00	1
7	6	12:00:00	21:00:00	1
8	0	11:00:00	22:00:00	2
9	1	11:00:00	22:00:00	2
10	2	11:00:00	22:00:00	2
11	3	11:00:00	22:00:00	2
12	4	11:00:00	23:00:00	2
13	5	11:00:00	23:00:00	2
14	6	12:00:00	21:00:00	2
106	0	11:00:00	22:00:00	6
107	1	11:00:00	22:00:00	6
108	2	11:00:00	22:00:00	6
109	3	11:00:00	22:00:00	6
110	4	11:00:00	23:00:00	6
111	5	11:00:00	23:00:00	6
112	6	12:00:00	21:00:00	6
127	0	11:00:00	22:00:00	3
128	1	11:00:00	22:00:00	3
129	2	11:00:00	22:00:00	3
130	3	11:00:00	22:00:00	3
131	4	11:00:00	23:00:00	3
132	5	11:00:00	23:00:00	3
133	6	12:00:00	21:00:00	3
78	0	11:00:00	22:00:00	4
79	1	11:00:00	22:00:00	4
80	2	11:00:00	22:00:00	4
81	3	11:00:00	22:00:00	4
82	4	11:00:00	23:00:00	4
83	5	11:00:00	23:00:00	4
84	6	12:00:00	21:00:00	4
99	0	11:00:00	21:00:00	5
100	1	11:00:00	21:00:00	5
101	2	11:00:00	21:00:00	5
102	3	11:00:00	21:00:00	5
103	4	11:00:00	22:00:00	5
104	5	11:00:00	22:00:00	5
105	6	12:00:00	20:00:00	5
\.


--
-- Data for Name: restaurants_restaurantphoto; Type: TABLE DATA; Schema: public; Owner: initialadmin
--

COPY public.restaurants_restaurantphoto (id, image_url, caption, is_primary, restaurant_id, image) FROM stdin;
1	https://example.com/photo1.jpg	Restaurant Front	t	1	\N
2	https://example.com/photo2.jpg	Dining Area	f	1	\N
3	https://example.com/photo1.jpg	Restaurant Front	t	2	\N
4	https://example.com/photo2.jpg	Dining Area	f	2	\N
23	\N	Spice Bar	t	4	
24	\N	Hot Platters	f	4	
29	\N	Colorful Vegetables	t	5	
30	\N	Fresh Prep Station	f	5	
31	\N	Restaurant View	t	6	
36	\N	architecture-5b7220912f5cfdff40a7728233abb902	t	3	
37	\N	Hot Platters	f	3	
\.


--
-- Data for Name: restaurants_review; Type: TABLE DATA; Schema: public; Owner: initialadmin
--

COPY public.restaurants_review (id, rating, comment, created_at, restaurant_id, user_id) FROM stdin;
\.


--
-- Data for Name: restaurants_table; Type: TABLE DATA; Schema: public; Owner: initialadmin
--

COPY public.restaurants_table (id, table_number, capacity, restaurant_id) FROM stdin;
1	A1	2	1
2	A2	2	1
3	B1	4	1
4	B2	4	1
5	C1	6	1
6	A1	2	2
7	A2	2	2
8	B1	4	2
9	B2	4	2
10	C1	6	2
90	BX1	2	3
91	BX2	2	3
92	BY1	4	3
93	BY2	4	3
94	BZ1	6	3
95	T6	2	3
56	BX1	2	4
57	BX2	2	4
58	BY1	4	4
59	BY2	4	4
60	BZ1	6	4
71	BU1	2	5
72	BU2	2	5
73	BV1	4	5
74	BV2	4	5
75	BW1	6	5
76	A1	2	6
77	A2	2	6
78	B1	4	6
79	B2	4	6
\.


--
-- Data for Name: users_user; Type: TABLE DATA; Schema: public; Owner: initialadmin
--

COPY public.users_user (id, password, last_login, is_superuser, username, first_name, last_name, email, is_staff, is_active, date_joined, role, phone_number) FROM stdin;
4	pbkdf2_sha256$1000000$pJxXkmXunL8jGK0t0HDJOs$vAhUNl1rjnE0jUOceatwcurdCPCc3fCX0u5d+5Xsuzo=	\N	f	alekhya	Alekhya	Nakka	alekhya@gmail.com	f	t	2025-04-03 15:02:05.046318-07	restaurant_manager	\N
5	pbkdf2_sha256$1000000$9hrckODnLGlkw6Ysh1xWea$ceQdQuTjrvoHn7MxAH97P4n/73zgeaw+IhgsxfAGQrE=	\N	f	admin1	Admin	Admin	admin@gmail.com	f	t	2025-04-03 15:05:12.262156-07	admin	\N
1	pbkdf2_sha256$1000000$aCsiY0aAAIzTxaeQnNJWUh$RqbWLC4Nlme0VboZo174cCPYS7Nm6gXs5OwP3xA+uTI=	2025-04-08 13:46:54.055436-07	t	admin			admin@gmail.com	t	t	2025-04-03 14:03:48.372696-07	customer	\N
6	pbkdf2_sha256$1000000$GKPnoB2c63TajU160YJTGk$b54icxEYr6oLGr14HyJKQZYn2i4nqQwuCu2tjG/sbQw=	\N	f	teja	Teja	Swaroop	teja@gmail.com	f	t	2025-04-08 13:53:02.335117-07	admin	\N
2	pbkdf2_sha256$1000000$djiGSiHzjEvta40w1LMdkm$vrUs/oSz1DrzNkGeLT/kIKDJAZfBAkak5+hBLZss9JI=	\N	f	pooja	Pooja	Sindham	pooja.r.sindham@gmail.com	f	t	2025-04-03 14:45:18.888758-07	restaurant_manager	\N
3	pbkdf2_sha256$1000000$0h2EM93uZ3ieob0wVJ6a12$i4YruDj4HPVm35Q5WI84p6XrVcK4ZY2h/fiquEdigyc=	\N	f	pooja1	Pooja	Sindham	pooja.r.sindham@gmail.com	f	t	2025-04-03 15:00:52.410793-07	customer	\N
7	pbkdf2_sha256$1000000$C1zS6sPMhI5gU7w3wptg6V$jTU4zYnTYoIn/oJieK9lOVf2EdoHekGDUnBBPYE9nWM=	\N	f	teja1	Teja	Swaroop	teja1@gmail.com	f	t	2025-04-08 16:54:55.597577-07	admin	\N
8	pbkdf2_sha256$1000000$PKSKceMTMjAcTAvrdQl0ri$Ob6OigLybkSTgWbpZAFC3WyukoB+vwQ9bw0Vd/RZ1Cs=	\N	t	admin2			admin2@gmail.com	t	t	2025-04-10 18:28:03.042577-07	customer	\N
9	pbkdf2_sha256$1000000$16DCxAjiphIoztqdFi5Jlf$cSVM8wYL1R6wufs0jEhlOxkH818I+GrbzDk95aIltwc=	\N	f	admin3	Teja	Swaroop	admin3@gmail.com	f	t	2025-04-10 18:28:52.917012-07	admin	\N
10	pbkdf2_sha256$1000000$wlE7K1sBhtEFS3HXVNnX8X$FIZkBs0CzZyQyQbGCijro/EMqsruL7yFLo+grcKfRbU=	\N	f	motu	motu	nick	motu@gmail.com	f	t	2025-04-20 18:07:21.279234-07	customer	\N
11	pbkdf2_sha256$1000000$bEhGloKTzgA9WAUcxrMs0z$gHBvK9vZnxgVObCNrJqfkOm8KMjsBDhgeG6PFQcE7zs=	\N	f	patlu	patlu	nick	patlu@gmail.com	f	t	2025-04-20 18:41:06.773422-07	restaurant_manager	\N
12	pbkdf2_sha256$1000000$wIuhhpbewm3C1VgniJWWh2$SUjxqYw20Us5Cm+P0khEKhfcwT3BxTvBXsG9cry0F30=	\N	f	patlu1	patlu1	nick	patlu1@gmail.com	f	t	2025-04-20 18:49:53.773178-07	restaurant_manager	\N
13	pbkdf2_sha256$1000000$CXDGP2zSgwoILng5M0noz2$qS9uiwZ7ScSBSEd5VorO6PlxqSo5TbCTlYNlix6PbaE=	\N	f	jayanth	Jayanth	Y	jayanth@gmail.com	f	t	2025-04-21 14:07:06.495735-07	customer	\N
14	pbkdf2_sha256$1000000$b8crESEl94w4TTySs3Wsz4$CY5sxrCygIlTF8J82ZKKHi1pxaupsXndkEYJMjxOlfU=	\N	f	gowtham	Gowtham	Jalam	gowtham@gmail.com	f	t	2025-05-03 17:21:33.781177-07	customer	\N
15	pbkdf2_sha256$1000000$dwfHfwaub9FkFhJTfS278m$QmLZCRCkixAAxRDELMXYFYb2mswzNfCg0h+khY0ppBE=	\N	f	chinnu	chinnu	swami	chinnu@gmail.com	f	t	2025-05-05 12:13:10.11936-07	customer	\N
16	pbkdf2_sha256$1000000$OLdFu8OqeGhCKzrQhmZsQj$uUNoKBRViSFnxF5/uny+u1c6oH3qjDehzuPRtVQqedo=	\N	f	admin4	admin	4	admin4@gmail.com	f	t	2025-05-05 12:29:03.394273-07	admin	\N
17	pbkdf2_sha256$1000000$1frnqaLKk6OSHL0a7odWbh$IBqSdo6sDbIdJ6h92LqRTvPUCEAm6IEZLMLt10tctOc=	\N	f	vivek	Vivek	Sindham	vivek@gmail.com	f	t	2025-05-06 10:44:17.365318-07	customer	\N
\.


--
-- Data for Name: users_user_groups; Type: TABLE DATA; Schema: public; Owner: initialadmin
--

COPY public.users_user_groups (id, user_id, group_id) FROM stdin;
\.


--
-- Data for Name: users_user_user_permissions; Type: TABLE DATA; Schema: public; Owner: initialadmin
--

COPY public.users_user_user_permissions (id, user_id, permission_id) FROM stdin;
\.


--
-- Name: auth_group_id_seq; Type: SEQUENCE SET; Schema: public; Owner: initialadmin
--

SELECT pg_catalog.setval('public.auth_group_id_seq', 1, false);


--
-- Name: auth_group_permissions_id_seq; Type: SEQUENCE SET; Schema: public; Owner: initialadmin
--

SELECT pg_catalog.setval('public.auth_group_permissions_id_seq', 1, false);


--
-- Name: auth_permission_id_seq; Type: SEQUENCE SET; Schema: public; Owner: initialadmin
--

SELECT pg_catalog.setval('public.auth_permission_id_seq', 52, true);


--
-- Name: bookings_booking_id_seq; Type: SEQUENCE SET; Schema: public; Owner: initialadmin
--

SELECT pg_catalog.setval('public.bookings_booking_id_seq', 4, true);


--
-- Name: django_admin_log_id_seq; Type: SEQUENCE SET; Schema: public; Owner: initialadmin
--

SELECT pg_catalog.setval('public.django_admin_log_id_seq', 1, false);


--
-- Name: django_content_type_id_seq; Type: SEQUENCE SET; Schema: public; Owner: initialadmin
--

SELECT pg_catalog.setval('public.django_content_type_id_seq', 13, true);


--
-- Name: django_migrations_id_seq; Type: SEQUENCE SET; Schema: public; Owner: initialadmin
--

SELECT pg_catalog.setval('public.django_migrations_id_seq', 26, true);


--
-- Name: restaurants_cuisine_id_seq; Type: SEQUENCE SET; Schema: public; Owner: initialadmin
--

SELECT pg_catalog.setval('public.restaurants_cuisine_id_seq', 4, true);


--
-- Name: restaurants_restaurant_cuisine_id_seq; Type: SEQUENCE SET; Schema: public; Owner: initialadmin
--

SELECT pg_catalog.setval('public.restaurants_restaurant_cuisine_id_seq', 19, true);


--
-- Name: restaurants_restaurant_id_seq; Type: SEQUENCE SET; Schema: public; Owner: initialadmin
--

SELECT pg_catalog.setval('public.restaurants_restaurant_id_seq', 6, true);


--
-- Name: restaurants_restauranthours_id_seq; Type: SEQUENCE SET; Schema: public; Owner: initialadmin
--

SELECT pg_catalog.setval('public.restaurants_restauranthours_id_seq', 133, true);


--
-- Name: restaurants_restaurantphoto_id_seq; Type: SEQUENCE SET; Schema: public; Owner: initialadmin
--

SELECT pg_catalog.setval('public.restaurants_restaurantphoto_id_seq', 37, true);


--
-- Name: restaurants_review_id_seq; Type: SEQUENCE SET; Schema: public; Owner: initialadmin
--

SELECT pg_catalog.setval('public.restaurants_review_id_seq', 1, false);


--
-- Name: restaurants_table_id_seq; Type: SEQUENCE SET; Schema: public; Owner: initialadmin
--

SELECT pg_catalog.setval('public.restaurants_table_id_seq', 95, true);


--
-- Name: users_user_groups_id_seq; Type: SEQUENCE SET; Schema: public; Owner: initialadmin
--

SELECT pg_catalog.setval('public.users_user_groups_id_seq', 1, false);


--
-- Name: users_user_id_seq; Type: SEQUENCE SET; Schema: public; Owner: initialadmin
--

SELECT pg_catalog.setval('public.users_user_id_seq', 17, true);


--
-- Name: users_user_user_permissions_id_seq; Type: SEQUENCE SET; Schema: public; Owner: initialadmin
--

SELECT pg_catalog.setval('public.users_user_user_permissions_id_seq', 1, false);


--
-- Name: auth_group auth_group_name_key; Type: CONSTRAINT; Schema: public; Owner: initialadmin
--

ALTER TABLE ONLY public.auth_group
    ADD CONSTRAINT auth_group_name_key UNIQUE (name);


--
-- Name: auth_group_permissions auth_group_permissions_group_id_permission_id_0cd325b0_uniq; Type: CONSTRAINT; Schema: public; Owner: initialadmin
--

ALTER TABLE ONLY public.auth_group_permissions
    ADD CONSTRAINT auth_group_permissions_group_id_permission_id_0cd325b0_uniq UNIQUE (group_id, permission_id);


--
-- Name: auth_group_permissions auth_group_permissions_pkey; Type: CONSTRAINT; Schema: public; Owner: initialadmin
--

ALTER TABLE ONLY public.auth_group_permissions
    ADD CONSTRAINT auth_group_permissions_pkey PRIMARY KEY (id);


--
-- Name: auth_group auth_group_pkey; Type: CONSTRAINT; Schema: public; Owner: initialadmin
--

ALTER TABLE ONLY public.auth_group
    ADD CONSTRAINT auth_group_pkey PRIMARY KEY (id);


--
-- Name: auth_permission auth_permission_content_type_id_codename_01ab375a_uniq; Type: CONSTRAINT; Schema: public; Owner: initialadmin
--

ALTER TABLE ONLY public.auth_permission
    ADD CONSTRAINT auth_permission_content_type_id_codename_01ab375a_uniq UNIQUE (content_type_id, codename);


--
-- Name: auth_permission auth_permission_pkey; Type: CONSTRAINT; Schema: public; Owner: initialadmin
--

ALTER TABLE ONLY public.auth_permission
    ADD CONSTRAINT auth_permission_pkey PRIMARY KEY (id);


--
-- Name: bookings_booking bookings_booking_booking_reference_key; Type: CONSTRAINT; Schema: public; Owner: initialadmin
--

ALTER TABLE ONLY public.bookings_booking
    ADD CONSTRAINT bookings_booking_booking_reference_key UNIQUE (booking_reference);


--
-- Name: bookings_booking bookings_booking_pkey; Type: CONSTRAINT; Schema: public; Owner: initialadmin
--

ALTER TABLE ONLY public.bookings_booking
    ADD CONSTRAINT bookings_booking_pkey PRIMARY KEY (id);


--
-- Name: django_admin_log django_admin_log_pkey; Type: CONSTRAINT; Schema: public; Owner: initialadmin
--

ALTER TABLE ONLY public.django_admin_log
    ADD CONSTRAINT django_admin_log_pkey PRIMARY KEY (id);


--
-- Name: django_content_type django_content_type_app_label_model_76bd3d3b_uniq; Type: CONSTRAINT; Schema: public; Owner: initialadmin
--

ALTER TABLE ONLY public.django_content_type
    ADD CONSTRAINT django_content_type_app_label_model_76bd3d3b_uniq UNIQUE (app_label, model);


--
-- Name: django_content_type django_content_type_pkey; Type: CONSTRAINT; Schema: public; Owner: initialadmin
--

ALTER TABLE ONLY public.django_content_type
    ADD CONSTRAINT django_content_type_pkey PRIMARY KEY (id);


--
-- Name: django_migrations django_migrations_pkey; Type: CONSTRAINT; Schema: public; Owner: initialadmin
--

ALTER TABLE ONLY public.django_migrations
    ADD CONSTRAINT django_migrations_pkey PRIMARY KEY (id);


--
-- Name: django_session django_session_pkey; Type: CONSTRAINT; Schema: public; Owner: initialadmin
--

ALTER TABLE ONLY public.django_session
    ADD CONSTRAINT django_session_pkey PRIMARY KEY (session_key);


--
-- Name: restaurants_cuisine restaurants_cuisine_pkey; Type: CONSTRAINT; Schema: public; Owner: initialadmin
--

ALTER TABLE ONLY public.restaurants_cuisine
    ADD CONSTRAINT restaurants_cuisine_pkey PRIMARY KEY (id);


--
-- Name: restaurants_restaurant_cuisine restaurants_restaurant_c_restaurant_id_cuisine_id_497c6744_uniq; Type: CONSTRAINT; Schema: public; Owner: initialadmin
--

ALTER TABLE ONLY public.restaurants_restaurant_cuisine
    ADD CONSTRAINT restaurants_restaurant_c_restaurant_id_cuisine_id_497c6744_uniq UNIQUE (restaurant_id, cuisine_id);


--
-- Name: restaurants_restaurant_cuisine restaurants_restaurant_cuisine_pkey; Type: CONSTRAINT; Schema: public; Owner: initialadmin
--

ALTER TABLE ONLY public.restaurants_restaurant_cuisine
    ADD CONSTRAINT restaurants_restaurant_cuisine_pkey PRIMARY KEY (id);


--
-- Name: restaurants_restaurant restaurants_restaurant_pkey; Type: CONSTRAINT; Schema: public; Owner: initialadmin
--

ALTER TABLE ONLY public.restaurants_restaurant
    ADD CONSTRAINT restaurants_restaurant_pkey PRIMARY KEY (id);


--
-- Name: restaurants_restauranthours restaurants_restauranthours_pkey; Type: CONSTRAINT; Schema: public; Owner: initialadmin
--

ALTER TABLE ONLY public.restaurants_restauranthours
    ADD CONSTRAINT restaurants_restauranthours_pkey PRIMARY KEY (id);


--
-- Name: restaurants_restauranthours restaurants_restauranthours_restaurant_id_day_065a5b1c_uniq; Type: CONSTRAINT; Schema: public; Owner: initialadmin
--

ALTER TABLE ONLY public.restaurants_restauranthours
    ADD CONSTRAINT restaurants_restauranthours_restaurant_id_day_065a5b1c_uniq UNIQUE (restaurant_id, day);


--
-- Name: restaurants_restaurantphoto restaurants_restaurantphoto_pkey; Type: CONSTRAINT; Schema: public; Owner: initialadmin
--

ALTER TABLE ONLY public.restaurants_restaurantphoto
    ADD CONSTRAINT restaurants_restaurantphoto_pkey PRIMARY KEY (id);


--
-- Name: restaurants_review restaurants_review_pkey; Type: CONSTRAINT; Schema: public; Owner: initialadmin
--

ALTER TABLE ONLY public.restaurants_review
    ADD CONSTRAINT restaurants_review_pkey PRIMARY KEY (id);


--
-- Name: restaurants_review restaurants_review_restaurant_id_user_id_6f85a896_uniq; Type: CONSTRAINT; Schema: public; Owner: initialadmin
--

ALTER TABLE ONLY public.restaurants_review
    ADD CONSTRAINT restaurants_review_restaurant_id_user_id_6f85a896_uniq UNIQUE (restaurant_id, user_id);


--
-- Name: restaurants_table restaurants_table_pkey; Type: CONSTRAINT; Schema: public; Owner: initialadmin
--

ALTER TABLE ONLY public.restaurants_table
    ADD CONSTRAINT restaurants_table_pkey PRIMARY KEY (id);


--
-- Name: restaurants_table restaurants_table_restaurant_id_table_number_7d05f2a8_uniq; Type: CONSTRAINT; Schema: public; Owner: initialadmin
--

ALTER TABLE ONLY public.restaurants_table
    ADD CONSTRAINT restaurants_table_restaurant_id_table_number_7d05f2a8_uniq UNIQUE (restaurant_id, table_number);


--
-- Name: users_user_groups users_user_groups_pkey; Type: CONSTRAINT; Schema: public; Owner: initialadmin
--

ALTER TABLE ONLY public.users_user_groups
    ADD CONSTRAINT users_user_groups_pkey PRIMARY KEY (id);


--
-- Name: users_user_groups users_user_groups_user_id_group_id_b88eab82_uniq; Type: CONSTRAINT; Schema: public; Owner: initialadmin
--

ALTER TABLE ONLY public.users_user_groups
    ADD CONSTRAINT users_user_groups_user_id_group_id_b88eab82_uniq UNIQUE (user_id, group_id);


--
-- Name: users_user users_user_pkey; Type: CONSTRAINT; Schema: public; Owner: initialadmin
--

ALTER TABLE ONLY public.users_user
    ADD CONSTRAINT users_user_pkey PRIMARY KEY (id);


--
-- Name: users_user_user_permissions users_user_user_permissions_pkey; Type: CONSTRAINT; Schema: public; Owner: initialadmin
--

ALTER TABLE ONLY public.users_user_user_permissions
    ADD CONSTRAINT users_user_user_permissions_pkey PRIMARY KEY (id);


--
-- Name: users_user_user_permissions users_user_user_permissions_user_id_permission_id_43338c45_uniq; Type: CONSTRAINT; Schema: public; Owner: initialadmin
--

ALTER TABLE ONLY public.users_user_user_permissions
    ADD CONSTRAINT users_user_user_permissions_user_id_permission_id_43338c45_uniq UNIQUE (user_id, permission_id);


--
-- Name: users_user users_user_username_key; Type: CONSTRAINT; Schema: public; Owner: initialadmin
--

ALTER TABLE ONLY public.users_user
    ADD CONSTRAINT users_user_username_key UNIQUE (username);


--
-- Name: auth_group_name_a6ea08ec_like; Type: INDEX; Schema: public; Owner: initialadmin
--

CREATE INDEX auth_group_name_a6ea08ec_like ON public.auth_group USING btree (name varchar_pattern_ops);


--
-- Name: auth_group_permissions_group_id_b120cbf9; Type: INDEX; Schema: public; Owner: initialadmin
--

CREATE INDEX auth_group_permissions_group_id_b120cbf9 ON public.auth_group_permissions USING btree (group_id);


--
-- Name: auth_group_permissions_permission_id_84c5c92e; Type: INDEX; Schema: public; Owner: initialadmin
--

CREATE INDEX auth_group_permissions_permission_id_84c5c92e ON public.auth_group_permissions USING btree (permission_id);


--
-- Name: auth_permission_content_type_id_2f476e4b; Type: INDEX; Schema: public; Owner: initialadmin
--

CREATE INDEX auth_permission_content_type_id_2f476e4b ON public.auth_permission USING btree (content_type_id);


--
-- Name: bookings_booking_booking_reference_0f20cea0_like; Type: INDEX; Schema: public; Owner: initialadmin
--

CREATE INDEX bookings_booking_booking_reference_0f20cea0_like ON public.bookings_booking USING btree (booking_reference varchar_pattern_ops);


--
-- Name: bookings_booking_table_id_0f174c8a; Type: INDEX; Schema: public; Owner: initialadmin
--

CREATE INDEX bookings_booking_table_id_0f174c8a ON public.bookings_booking USING btree (table_id);


--
-- Name: bookings_booking_user_id_834dfc23; Type: INDEX; Schema: public; Owner: initialadmin
--

CREATE INDEX bookings_booking_user_id_834dfc23 ON public.bookings_booking USING btree (user_id);


--
-- Name: django_admin_log_content_type_id_c4bce8eb; Type: INDEX; Schema: public; Owner: initialadmin
--

CREATE INDEX django_admin_log_content_type_id_c4bce8eb ON public.django_admin_log USING btree (content_type_id);


--
-- Name: django_admin_log_user_id_c564eba6; Type: INDEX; Schema: public; Owner: initialadmin
--

CREATE INDEX django_admin_log_user_id_c564eba6 ON public.django_admin_log USING btree (user_id);


--
-- Name: django_session_expire_date_a5c62663; Type: INDEX; Schema: public; Owner: initialadmin
--

CREATE INDEX django_session_expire_date_a5c62663 ON public.django_session USING btree (expire_date);


--
-- Name: django_session_session_key_c0390e0f_like; Type: INDEX; Schema: public; Owner: initialadmin
--

CREATE INDEX django_session_session_key_c0390e0f_like ON public.django_session USING btree (session_key varchar_pattern_ops);


--
-- Name: restaurants_restaurant_cuisine_cuisine_id_73b0438c; Type: INDEX; Schema: public; Owner: initialadmin
--

CREATE INDEX restaurants_restaurant_cuisine_cuisine_id_73b0438c ON public.restaurants_restaurant_cuisine USING btree (cuisine_id);


--
-- Name: restaurants_restaurant_cuisine_restaurant_id_1f8b1394; Type: INDEX; Schema: public; Owner: initialadmin
--

CREATE INDEX restaurants_restaurant_cuisine_restaurant_id_1f8b1394 ON public.restaurants_restaurant_cuisine USING btree (restaurant_id);


--
-- Name: restaurants_restaurant_manager_id_307b3f71; Type: INDEX; Schema: public; Owner: initialadmin
--

CREATE INDEX restaurants_restaurant_manager_id_307b3f71 ON public.restaurants_restaurant USING btree (manager_id);


--
-- Name: restaurants_restauranthours_restaurant_id_fbf869a5; Type: INDEX; Schema: public; Owner: initialadmin
--

CREATE INDEX restaurants_restauranthours_restaurant_id_fbf869a5 ON public.restaurants_restauranthours USING btree (restaurant_id);


--
-- Name: restaurants_restaurantphoto_restaurant_id_20b6eeca; Type: INDEX; Schema: public; Owner: initialadmin
--

CREATE INDEX restaurants_restaurantphoto_restaurant_id_20b6eeca ON public.restaurants_restaurantphoto USING btree (restaurant_id);


--
-- Name: restaurants_review_restaurant_id_eb8a296e; Type: INDEX; Schema: public; Owner: initialadmin
--

CREATE INDEX restaurants_review_restaurant_id_eb8a296e ON public.restaurants_review USING btree (restaurant_id);


--
-- Name: restaurants_review_user_id_08be9500; Type: INDEX; Schema: public; Owner: initialadmin
--

CREATE INDEX restaurants_review_user_id_08be9500 ON public.restaurants_review USING btree (user_id);


--
-- Name: restaurants_table_restaurant_id_0a055aef; Type: INDEX; Schema: public; Owner: initialadmin
--

CREATE INDEX restaurants_table_restaurant_id_0a055aef ON public.restaurants_table USING btree (restaurant_id);


--
-- Name: unique_confirmed_booking; Type: INDEX; Schema: public; Owner: initialadmin
--

CREATE UNIQUE INDEX unique_confirmed_booking ON public.bookings_booking USING btree (table_id, date, "time", status) WHERE ((status)::text = 'confirmed'::text);


--
-- Name: users_user_groups_group_id_9afc8d0e; Type: INDEX; Schema: public; Owner: initialadmin
--

CREATE INDEX users_user_groups_group_id_9afc8d0e ON public.users_user_groups USING btree (group_id);


--
-- Name: users_user_groups_user_id_5f6f5a90; Type: INDEX; Schema: public; Owner: initialadmin
--

CREATE INDEX users_user_groups_user_id_5f6f5a90 ON public.users_user_groups USING btree (user_id);


--
-- Name: users_user_user_permissions_permission_id_0b93982e; Type: INDEX; Schema: public; Owner: initialadmin
--

CREATE INDEX users_user_user_permissions_permission_id_0b93982e ON public.users_user_user_permissions USING btree (permission_id);


--
-- Name: users_user_user_permissions_user_id_20aca447; Type: INDEX; Schema: public; Owner: initialadmin
--

CREATE INDEX users_user_user_permissions_user_id_20aca447 ON public.users_user_user_permissions USING btree (user_id);


--
-- Name: users_user_username_06e46fe6_like; Type: INDEX; Schema: public; Owner: initialadmin
--

CREATE INDEX users_user_username_06e46fe6_like ON public.users_user USING btree (username varchar_pattern_ops);


--
-- Name: auth_group_permissions auth_group_permissio_permission_id_84c5c92e_fk_auth_perm; Type: FK CONSTRAINT; Schema: public; Owner: initialadmin
--

ALTER TABLE ONLY public.auth_group_permissions
    ADD CONSTRAINT auth_group_permissio_permission_id_84c5c92e_fk_auth_perm FOREIGN KEY (permission_id) REFERENCES public.auth_permission(id) DEFERRABLE INITIALLY DEFERRED;


--
-- Name: auth_group_permissions auth_group_permissions_group_id_b120cbf9_fk_auth_group_id; Type: FK CONSTRAINT; Schema: public; Owner: initialadmin
--

ALTER TABLE ONLY public.auth_group_permissions
    ADD CONSTRAINT auth_group_permissions_group_id_b120cbf9_fk_auth_group_id FOREIGN KEY (group_id) REFERENCES public.auth_group(id) DEFERRABLE INITIALLY DEFERRED;


--
-- Name: auth_permission auth_permission_content_type_id_2f476e4b_fk_django_co; Type: FK CONSTRAINT; Schema: public; Owner: initialadmin
--

ALTER TABLE ONLY public.auth_permission
    ADD CONSTRAINT auth_permission_content_type_id_2f476e4b_fk_django_co FOREIGN KEY (content_type_id) REFERENCES public.django_content_type(id) DEFERRABLE INITIALLY DEFERRED;


--
-- Name: bookings_booking bookings_booking_table_id_0f174c8a_fk_restaurants_table_id; Type: FK CONSTRAINT; Schema: public; Owner: initialadmin
--

ALTER TABLE ONLY public.bookings_booking
    ADD CONSTRAINT bookings_booking_table_id_0f174c8a_fk_restaurants_table_id FOREIGN KEY (table_id) REFERENCES public.restaurants_table(id) DEFERRABLE INITIALLY DEFERRED;


--
-- Name: bookings_booking bookings_booking_user_id_834dfc23_fk_users_user_id; Type: FK CONSTRAINT; Schema: public; Owner: initialadmin
--

ALTER TABLE ONLY public.bookings_booking
    ADD CONSTRAINT bookings_booking_user_id_834dfc23_fk_users_user_id FOREIGN KEY (user_id) REFERENCES public.users_user(id) DEFERRABLE INITIALLY DEFERRED;


--
-- Name: django_admin_log django_admin_log_content_type_id_c4bce8eb_fk_django_co; Type: FK CONSTRAINT; Schema: public; Owner: initialadmin
--

ALTER TABLE ONLY public.django_admin_log
    ADD CONSTRAINT django_admin_log_content_type_id_c4bce8eb_fk_django_co FOREIGN KEY (content_type_id) REFERENCES public.django_content_type(id) DEFERRABLE INITIALLY DEFERRED;


--
-- Name: django_admin_log django_admin_log_user_id_c564eba6_fk_users_user_id; Type: FK CONSTRAINT; Schema: public; Owner: initialadmin
--

ALTER TABLE ONLY public.django_admin_log
    ADD CONSTRAINT django_admin_log_user_id_c564eba6_fk_users_user_id FOREIGN KEY (user_id) REFERENCES public.users_user(id) DEFERRABLE INITIALLY DEFERRED;


--
-- Name: restaurants_restaurant_cuisine restaurants_restaura_cuisine_id_73b0438c_fk_restauran; Type: FK CONSTRAINT; Schema: public; Owner: initialadmin
--

ALTER TABLE ONLY public.restaurants_restaurant_cuisine
    ADD CONSTRAINT restaurants_restaura_cuisine_id_73b0438c_fk_restauran FOREIGN KEY (cuisine_id) REFERENCES public.restaurants_cuisine(id) DEFERRABLE INITIALLY DEFERRED;


--
-- Name: restaurants_restaurant_cuisine restaurants_restaura_restaurant_id_1f8b1394_fk_restauran; Type: FK CONSTRAINT; Schema: public; Owner: initialadmin
--

ALTER TABLE ONLY public.restaurants_restaurant_cuisine
    ADD CONSTRAINT restaurants_restaura_restaurant_id_1f8b1394_fk_restauran FOREIGN KEY (restaurant_id) REFERENCES public.restaurants_restaurant(id) DEFERRABLE INITIALLY DEFERRED;


--
-- Name: restaurants_restaurantphoto restaurants_restaura_restaurant_id_20b6eeca_fk_restauran; Type: FK CONSTRAINT; Schema: public; Owner: initialadmin
--

ALTER TABLE ONLY public.restaurants_restaurantphoto
    ADD CONSTRAINT restaurants_restaura_restaurant_id_20b6eeca_fk_restauran FOREIGN KEY (restaurant_id) REFERENCES public.restaurants_restaurant(id) DEFERRABLE INITIALLY DEFERRED;


--
-- Name: restaurants_restauranthours restaurants_restaura_restaurant_id_fbf869a5_fk_restauran; Type: FK CONSTRAINT; Schema: public; Owner: initialadmin
--

ALTER TABLE ONLY public.restaurants_restauranthours
    ADD CONSTRAINT restaurants_restaura_restaurant_id_fbf869a5_fk_restauran FOREIGN KEY (restaurant_id) REFERENCES public.restaurants_restaurant(id) DEFERRABLE INITIALLY DEFERRED;


--
-- Name: restaurants_restaurant restaurants_restaurant_manager_id_307b3f71_fk_users_user_id; Type: FK CONSTRAINT; Schema: public; Owner: initialadmin
--

ALTER TABLE ONLY public.restaurants_restaurant
    ADD CONSTRAINT restaurants_restaurant_manager_id_307b3f71_fk_users_user_id FOREIGN KEY (manager_id) REFERENCES public.users_user(id) DEFERRABLE INITIALLY DEFERRED;


--
-- Name: restaurants_review restaurants_review_restaurant_id_eb8a296e_fk_restauran; Type: FK CONSTRAINT; Schema: public; Owner: initialadmin
--

ALTER TABLE ONLY public.restaurants_review
    ADD CONSTRAINT restaurants_review_restaurant_id_eb8a296e_fk_restauran FOREIGN KEY (restaurant_id) REFERENCES public.restaurants_restaurant(id) DEFERRABLE INITIALLY DEFERRED;


--
-- Name: restaurants_review restaurants_review_user_id_08be9500_fk_users_user_id; Type: FK CONSTRAINT; Schema: public; Owner: initialadmin
--

ALTER TABLE ONLY public.restaurants_review
    ADD CONSTRAINT restaurants_review_user_id_08be9500_fk_users_user_id FOREIGN KEY (user_id) REFERENCES public.users_user(id) DEFERRABLE INITIALLY DEFERRED;


--
-- Name: restaurants_table restaurants_table_restaurant_id_0a055aef_fk_restauran; Type: FK CONSTRAINT; Schema: public; Owner: initialadmin
--

ALTER TABLE ONLY public.restaurants_table
    ADD CONSTRAINT restaurants_table_restaurant_id_0a055aef_fk_restauran FOREIGN KEY (restaurant_id) REFERENCES public.restaurants_restaurant(id) DEFERRABLE INITIALLY DEFERRED;


--
-- Name: users_user_groups users_user_groups_group_id_9afc8d0e_fk_auth_group_id; Type: FK CONSTRAINT; Schema: public; Owner: initialadmin
--

ALTER TABLE ONLY public.users_user_groups
    ADD CONSTRAINT users_user_groups_group_id_9afc8d0e_fk_auth_group_id FOREIGN KEY (group_id) REFERENCES public.auth_group(id) DEFERRABLE INITIALLY DEFERRED;


--
-- Name: users_user_groups users_user_groups_user_id_5f6f5a90_fk_users_user_id; Type: FK CONSTRAINT; Schema: public; Owner: initialadmin
--

ALTER TABLE ONLY public.users_user_groups
    ADD CONSTRAINT users_user_groups_user_id_5f6f5a90_fk_users_user_id FOREIGN KEY (user_id) REFERENCES public.users_user(id) DEFERRABLE INITIALLY DEFERRED;


--
-- Name: users_user_user_permissions users_user_user_perm_permission_id_0b93982e_fk_auth_perm; Type: FK CONSTRAINT; Schema: public; Owner: initialadmin
--

ALTER TABLE ONLY public.users_user_user_permissions
    ADD CONSTRAINT users_user_user_perm_permission_id_0b93982e_fk_auth_perm FOREIGN KEY (permission_id) REFERENCES public.auth_permission(id) DEFERRABLE INITIALLY DEFERRED;


--
-- Name: users_user_user_permissions users_user_user_permissions_user_id_20aca447_fk_users_user_id; Type: FK CONSTRAINT; Schema: public; Owner: initialadmin
--

ALTER TABLE ONLY public.users_user_user_permissions
    ADD CONSTRAINT users_user_user_permissions_user_id_20aca447_fk_users_user_id FOREIGN KEY (user_id) REFERENCES public.users_user(id) DEFERRABLE INITIALLY DEFERRED;


--
-- PostgreSQL database dump complete
--

